{
    "X": [
        [
            -0.7673769261672798,
            -0.4926104213233957,
            0.41044807952973006,
            0.361531834787526
        ],
        [
            -0.6406577522750816,
            0.5628260455028722,
            -0.5222877434455446,
            0.052761015854266194
        ],
        [
            0.02627351586478896,
            -0.6637483071972277,
            -0.7474944060372073,
            0.18463452004666747
        ],
        [
            0.0,
            0.0,
            0.0,
            1.0
        ]
    ],
    "translation": [
        0.361531834787526,
        0.052761015854266194,
        0.18463452004666747
    ],
    "rotation_matrix": [
        [
            -0.7673769261672798,
            -0.4926104213233957,
            0.41044807952973006
        ],
        [
            -0.6406577522750816,
            0.5628260455028722,
            -0.5222877434455446
        ],
        [
            0.02627351586478896,
            -0.6637483071972277,
            -0.7474944060372073
        ]
    ],
    "euler_angles": [
        -2.415467074360512,
        -0.026276539561794092,
        -2.4459498835889746
    ]
}